{
  "Ansi 6 Color" : {
    "Red Component" : 0.08235294371843338,
    "Color Space" : "sRGB",
    "Blue Component" : 0.050980392843484879,
    "Alpha Component" : 1,
    "Green Component" : 0.81568628549575806
  },
  "Tags" : [

  ],
  "Ansi 12 Color" : {
    "Red Component" : 0.098039217293262454,
    "Color Space" : "sRGB",
    "Blue Component" : 0.054901961237192154,
    "Alpha Component" : 1,
    "Green Component" : 0.88627451658248901
  },
  "Ansi 7 Color" : {
    "Red Component" : 0.98039215803146362,
    "Color Space" : "sRGB",
    "Blue Component" : 0.98039215803146362,
    "Alpha Component" : 1,
    "Green Component" : 0.98039215803146362
  },
  "Ansi 8 Color" : {
    "Red Component" : 0.0016387200448662043,
    "Color Space" : "sRGB",
    "Blue Component" : 0.064321540296077701,
    "Alpha Component" : 1,
    "Green Component" : 0.083151340484619141
  },
  "Bold Color" : {
    "Red Component" : 0.098531007766723633,
    "Color Space" : "sRGB",
    "Blue Component" : 0.057753380388021469,
    "Alpha Component" : 1,
    "Green Component" : 0.88859748840332031
  },
  "Ansi 9 Color" : {
    "Red Component" : 0.098039217293262454,
    "Color Space" : "sRGB",
    "Blue Component" : 0.054901961237192154,
    "Alpha Component" : 1,
    "Green Component" : 0.88627451658248901
  },
  "Guid" : "CEE0DB15-25A0-45D9-8EA8-0EDF8A2FD6D1",
  "Ansi 5 Color" : {
    "Red Component" : 0.08235294371843338,
    "Color Space" : "sRGB",
    "Blue Component" : 0.050980392843484879,
    "Alpha Component" : 1,
    "Green Component" : 0.81568628549575806
  },
  "Rows" : 30,
  "Default Bookmark" : "No",
  "Cursor Guide Color" : {
    "Red Component" : 0.70213186740875244,
    "Color Space" : "sRGB",
    "Blue Component" : 1,
    "Alpha Component" : 0.25,
    "Green Component" : 0.9268307089805603
  },
  "Non-ASCII Anti Aliased" : true,
  "Use Bright Bold" : true,
  "Ansi 10 Color" : {
    "Red Component" : 0.098039217293262454,
    "Color Space" : "sRGB",
    "Blue Component" : 0.054901961237192154,
    "Alpha Component" : 1,
    "Green Component" : 0.88627451658248901
  },
  "Ambiguous Double Width" : false,
  "Jobs to Ignore" : [
    "rlogin",
    "ssh",
    "slogin",
    "telnet"
  ],
  "Ansi 15 Color" : {
    "Red Component" : 0.99607843160629272,
    "Color Space" : "sRGB",
    "Blue Component" : 0.99607843160629272,
    "Alpha Component" : 1,
    "Green Component" : 0.99607843160629272
  },
  "Foreground Color" : {
    "Red Component" : 0.085391096770763397,
    "Color Space" : "sRGB",
    "Blue Component" : 0.053784403949975967,
    "Alpha Component" : 1,
    "Green Component" : 0.69262981414794922
  },
  "Working Directory" : "\/Users\/phuocminh",
  "Blinking Cursor" : false,
  "Disable Window Resizing" : true,
  "Sync Title" : false,
  "Prompt Before Closing 2" : false,
  "BM Growl" : true,
  "Command" : "",
  "Description" : "Default",
  "Space" : 0,
  "Mouse Reporting" : true,
  "Screen" : -1,
  "Selection Color" : {
    "Red Component" : 0.83292782306671143,
    "Color Space" : "sRGB",
    "Blue Component" : 0.75813239812850952,
    "Alpha Component" : 1,
    "Green Component" : 1
  },
  "Columns" : 120,
  "Idle Code" : 0,
  "Ansi 13 Color" : {
    "Red Component" : 0.098039217293262454,
    "Color Space" : "sRGB",
    "Blue Component" : 0.054901961237192154,
    "Alpha Component" : 1,
    "Green Component" : 0.88627451658248901
  },
  "Custom Command" : "No",
  "ASCII Anti Aliased" : true,
  "Non Ascii Font" : "Monaco 12",
  "Vertical Spacing" : 1,
  "Use Bold Font" : true,
  "Option Key Sends" : 2,
  "Selected Text Color" : {
    "Red Component" : 0.99292969703674316,
    "Color Space" : "sRGB",
    "Blue Component" : 0.99292969703674316,
    "Alpha Component" : 1,
    "Green Component" : 0.99292969703674316
  },
  "Background Color" : {
    "Red Component" : 0.0066442275419831276,
    "Color Space" : "sRGB",
    "Blue Component" : 0.0039260699413716776,
    "Alpha Component" : 1,
    "Green Component" : 0.059308528900146464
  },
  "Character Encoding" : 4,
  "Ansi 11 Color" : {
    "Red Component" : 0.098039217293262454,
    "Color Space" : "sRGB",
    "Blue Component" : 0.054901961237192154,
    "Alpha Component" : 1,
    "Green Component" : 0.88627451658248901
  },
  "Thin Strokes" : 4,
  "Use Italic Font" : true,
  "Unlimited Scrollback" : false,
  "Keyboard Map" : {
    "0xf700-0x260000" : {
      "Action" : 10,
      "Text" : "[1;6A"
    },
    "0x37-0x40000" : {
      "Action" : 11,
      "Text" : "0x1f"
    },
    "0x32-0x40000" : {
      "Action" : 11,
      "Text" : "0x00"
    },
    "0xf709-0x20000" : {
      "Action" : 10,
      "Text" : "[17;2~"
    },
    "0xf70c-0x20000" : {
      "Action" : 10,
      "Text" : "[20;2~"
    },
    "0xf729-0x20000" : {
      "Action" : 10,
      "Text" : "[1;2H"
    },
    "0xf72b-0x40000" : {
      "Action" : 10,
      "Text" : "[1;5F"
    },
    "0xf705-0x20000" : {
      "Action" : 10,
      "Text" : "[1;2Q"
    },
    "0xf703-0x260000" : {
      "Action" : 10,
      "Text" : "[1;6C"
    },
    "0xf700-0x220000" : {
      "Action" : 10,
      "Text" : "[1;2A"
    },
    "0xf701-0x280000" : {
      "Action" : 11,
      "Text" : "0x1b 0x1b 0x5b 0x42"
    },
    "0x38-0x40000" : {
      "Action" : 11,
      "Text" : "0x7f"
    },
    "0x33-0x40000" : {
      "Action" : 11,
      "Text" : "0x1b"
    },
    "0xf703-0x220000" : {
      "Action" : 10,
      "Text" : "[1;2C"
    },
    "0xf701-0x240000" : {
      "Action" : 10,
      "Text" : "[1;5B"
    },
    "0xf703-0x280000-0x0" : {
      "Version" : 0,
      "Action" : 10,
      "Text" : "f",
      "Label" : ""
    },
    "0xf70d-0x20000" : {
      "Action" : 10,
      "Text" : "[21;2~"
    },
    "0xf702-0x260000" : {
      "Action" : 10,
      "Text" : "[1;6D"
    },
    "0xf729-0x40000" : {
      "Action" : 10,
      "Text" : "[1;5H"
    },
    "0xf706-0x20000" : {
      "Action" : 10,
      "Text" : "[1;2R"
    },
    "0x34-0x40000" : {
      "Action" : 11,
      "Text" : "0x1c"
    },
    "0xf700-0x280000" : {
      "Action" : 11,
      "Text" : "0x1b 0x1b 0x5b 0x41"
    },
    "0x2d-0x40000" : {
      "Action" : 11,
      "Text" : "0x1f"
    },
    "0xf70e-0x20000" : {
      "Action" : 10,
      "Text" : "[23;2~"
    },
    "0xf702-0x220000" : {
      "Action" : 10,
      "Text" : "[1;2D"
    },
    "0xf700-0x240000" : {
      "Action" : 10,
      "Text" : "[1;5A"
    },
    "0xf707-0x20000" : {
      "Action" : 10,
      "Text" : "[1;2S"
    },
    "0xf70a-0x20000" : {
      "Action" : 10,
      "Text" : "[18;2~"
    },
    "0x35-0x40000" : {
      "Action" : 11,
      "Text" : "0x1d"
    },
    "0xf70f-0x20000" : {
      "Action" : 10,
      "Text" : "[24;2~"
    },
    "0xf703-0x240000" : {
      "Action" : 10,
      "Text" : "[1;5C"
    },
    "0xf701-0x260000" : {
      "Action" : 10,
      "Text" : "[1;6B"
    },
    "0xf72b-0x20000" : {
      "Action" : 10,
      "Text" : "[1;2F"
    },
    "0x36-0x40000" : {
      "Action" : 11,
      "Text" : "0x1e"
    },
    "0xf708-0x20000" : {
      "Action" : 10,
      "Text" : "[15;2~"
    },
    "0xf701-0x220000" : {
      "Action" : 10,
      "Text" : "[1;2B"
    },
    "0xf70b-0x20000" : {
      "Action" : 10,
      "Text" : "[19;2~"
    },
    "0xf702-0x280000-0x0" : {
      "Version" : 0,
      "Action" : 10,
      "Text" : "b",
      "Label" : ""
    },
    "0xf702-0x240000" : {
      "Action" : 10,
      "Text" : "[1;5D"
    },
    "0xf704-0x20000" : {
      "Action" : 10,
      "Text" : "[1;2P"
    }
  },
  "Window Type" : 12,
  "Cursor Type" : 2,
  "Background Image Location" : "",
  "Blur" : false,
  "Badge Color" : {
    "Red Component" : 0.076954841613769531,
    "Color Space" : "sRGB",
    "Blue Component" : 0,
    "Alpha Component" : 0.5,
    "Green Component" : 1
  },
  "Scrollback Lines" : 1000,
  "Send Code When Idle" : false,
  "Close Sessions On End" : true,
  "Terminal Type" : "xterm-256color",
  "Visual Bell" : true,
  "Flashing Bell" : false,
  "Silence Bell" : false,